{"cameraMode":{"drawMode":0,"name":"Shaded","section":"Shading Mode"},"sceneLighting":false,"audioPlay":false,"sceneViewState":{"showFog":true,"showMaterialUpdate":true,"showSkybox":true,"showFlares":true,"showImageEffects":true,"showParticleSystems":true},"in2DMode":false,"pivot":{"x":0.0,"y":-0.031901538372039798,"z":0.34095561504364016},"rotation":{"x":-0.0624622218310833,"y":-0.9371163249015808,"z":0.2278379201889038,"w":-0.2569073736667633},"size":3.8366382122039797,"orthographic":false}