{"cameraMode":{"drawMode":0,"name":"Shaded","section":"Shading Mode"},"sceneLighting":false,"audioPlay":false,"sceneViewState":{"showFog":true,"showMaterialUpdate":true,"showSkybox":true,"showFlares":true,"showImageEffects":true,"showParticleSystems":true},"in2DMode":false,"pivot":{"x":1.0403470993041993,"y":-0.05833745002746582,"z":0.5497382879257202},"rotation":{"x":0.21532410383224488,"y":-0.2459212988615036,"z":0.056129470467567447,"w":0.9434022307395935},"size":3.0000569820404054,"orthographic":false}