{"cameraMode":{"drawMode":0,"name":"Shaded","section":"Shading Mode"},"sceneLighting":false,"audioPlay":false,"sceneViewState":{"showFog":true,"showMaterialUpdate":true,"showSkybox":true,"showFlares":true,"showImageEffects":true,"showParticleSystems":true},"in2DMode":false,"pivot":{"x":0.3380190134048462,"y":-0.39014148712158205,"z":0.886314868927002},"rotation":{"x":0.36119264364242556,"y":0.10431859642267227,"z":-0.040703196078538898,"w":0.9257434010505676},"size":8.13199234008789,"orthographic":false}