{"cameraMode":{"drawMode":0,"name":"Shaded","section":"Shading Mode"},"sceneLighting":false,"audioPlay":false,"sceneViewState":{"showFog":true,"showMaterialUpdate":true,"showSkybox":true,"showFlares":true,"showImageEffects":true,"showParticleSystems":true},"in2DMode":false,"pivot":{"x":-0.22150349617004395,"y":-0.5091644525527954,"z":0.524367094039917},"rotation":{"x":-0.22343753278255464,"y":0.1296771764755249,"z":-0.03000744804739952,"w":-0.9655874371528626},"size":7.845261573791504,"orthographic":false}