{"cameraMode":{"drawMode":0,"name":"Shaded","section":"Shading Mode"},"sceneLighting":false,"audioPlay":false,"sceneViewState":{"showFog":true,"showMaterialUpdate":true,"showSkybox":true,"showFlares":true,"showImageEffects":true,"showParticleSystems":true},"in2DMode":false,"pivot":{"x":0.500062108039856,"y":-0.04815387725830078,"z":0.1633228063583374},"rotation":{"x":0.09228984266519547,"y":-0.902960479259491,"z":0.34142449498176577,"w":0.2440786361694336},"size":2.659010171890259,"orthographic":false}