{"cameraMode":{"drawMode":0,"name":"Shaded","section":"Shading Mode"},"sceneLighting":false,"audioPlay":false,"sceneViewState":{"showFog":true,"showMaterialUpdate":true,"showSkybox":true,"showFlares":true,"showImageEffects":true,"showParticleSystems":true},"in2DMode":false,"pivot":{"x":-1.3119325637817383,"y":-0.14181041717529298,"z":1.6519479751586915},"rotation":{"x":-0.16550345718860627,"y":0.6586432456970215,"z":-0.15178750455379487,"w":-0.7181630730628967},"size":6.734144687652588,"orthographic":false}