{"cameraMode":{"drawMode":0,"name":"Shaded","section":"Shading Mode"},"sceneLighting":false,"audioPlay":false,"sceneViewState":{"showFog":true,"showMaterialUpdate":true,"showSkybox":true,"showFlares":true,"showImageEffects":true,"showParticleSystems":true},"in2DMode":false,"pivot":{"x":-0.019929945468902589,"y":-0.21562275290489198,"z":0.4210045337677002},"rotation":{"x":0.0630786344408989,"y":-0.9230923056602478,"z":0.17226968705654145,"w":0.33800145983695986},"size":3.4373788833618166,"orthographic":false}