{"cameraMode":{"drawMode":0,"name":"Shaded","section":"Shading Mode"},"sceneLighting":false,"audioPlay":false,"sceneViewState":{"showFog":true,"showMaterialUpdate":true,"showSkybox":true,"showFlares":true,"showImageEffects":true,"showParticleSystems":true},"in2DMode":false,"pivot":{"x":61.902679443359378,"y":51.18452453613281,"z":19.906265258789064},"rotation":{"x":-0.059728432446718219,"y":-0.08853928744792938,"z":0.005317781586199999,"w":-0.9942660927772522},"size":258.3414306640625,"orthographic":false}