{"cameraMode":{"drawMode":0,"name":"Shaded","section":"Shading Mode"},"sceneLighting":false,"audioPlay":false,"sceneViewState":{"showFog":true,"showMaterialUpdate":true,"showSkybox":true,"showFlares":true,"showImageEffects":true,"showParticleSystems":true},"in2DMode":false,"pivot":{"x":1.280095100402832,"y":0.3550838232040405,"z":6.096471786499023},"rotation":{"x":0.08854250609874726,"y":-0.5042247176170349,"z":0.05206568166613579,"w":0.8574420213699341},"size":0.9499098658561707,"orthographic":false}