{"cameraMode":{"drawMode":0,"name":"Shaded","section":"Shading Mode"},"sceneLighting":true,"audioPlay":false,"sceneViewState":{"showFog":true,"showMaterialUpdate":true,"showSkybox":true,"showFlares":true,"showImageEffects":true,"showParticleSystems":true},"in2DMode":false,"pivot":{"x":2.2326130867004396,"y":-0.5160567164421082,"z":1.1335995197296143},"rotation":{"x":0.09621722996234894,"y":0.1510974019765854,"z":-0.014778915792703629,"w":0.9837141036987305},"size":6.375762939453125,"orthographic":false}