{"cameraMode":{"drawMode":0,"name":"Shaded","section":"Shading Mode"},"sceneLighting":false,"audioPlay":false,"sceneViewState":{"showFog":true,"showMaterialUpdate":true,"showSkybox":true,"showFlares":true,"showImageEffects":true,"showParticleSystems":true},"in2DMode":false,"pivot":{"x":-1.1046481132507325,"y":-1.2462471723556519,"z":1.4367401599884034},"rotation":{"x":-0.10431921482086182,"y":0.8780413269996643,"z":-0.22326576709747315,"w":-0.4102601706981659},"size":6.136763095855713,"orthographic":false}