{"cameraMode":{"drawMode":0,"name":"Shaded","section":"Shading Mode"},"sceneLighting":false,"audioPlay":false,"sceneViewState":{"showFog":true,"showMaterialUpdate":true,"showSkybox":true,"showFlares":true,"showImageEffects":true,"showParticleSystems":true},"in2DMode":false,"pivot":{"x":-0.11714258790016175,"y":0.11080129444599152,"z":-0.0225389301776886},"rotation":{"x":-0.06426485627889633,"y":-0.8016768097877502,"z":0.08764725923538208,"w":-0.5877945423126221},"size":4.348819255828857,"orthographic":false}