{"cameraMode":{"drawMode":0,"name":"Shaded","section":"Shading Mode"},"sceneLighting":false,"audioPlay":false,"sceneViewState":{"showFog":true,"showMaterialUpdate":true,"showSkybox":true,"showFlares":true,"showImageEffects":true,"showParticleSystems":true},"in2DMode":false,"pivot":{"x":0.04284489154815674,"y":0.0905691385269165,"z":5.537964820861816},"rotation":{"x":-0.0006297092768363655,"y":0.7149120569229126,"z":-0.0006399396806955338,"w":-0.6992138624191284},"size":0.685268759727478,"orthographic":false}