{"cameraMode":{"drawMode":0,"name":"Shaded","section":"Shading Mode"},"sceneLighting":false,"audioPlay":false,"sceneViewState":{"showFog":true,"showMaterialUpdate":true,"showSkybox":true,"showFlares":true,"showImageEffects":true,"showParticleSystems":true},"in2DMode":false,"pivot":{"x":0.07539010047912598,"y":0.126289963722229,"z":0.29773640632629397},"rotation":{"x":-0.16061659157276154,"y":0.5358049869537354,"z":-0.10465475916862488,"w":-0.8222910761833191},"size":4.133345127105713,"orthographic":false}