{"cameraMode":{"drawMode":0,"name":"Shaded","section":"Shading Mode"},"sceneLighting":false,"audioPlay":false,"sceneViewState":{"showFog":true,"showMaterialUpdate":true,"showSkybox":true,"showFlares":true,"showImageEffects":true,"showParticleSystems":true},"in2DMode":false,"pivot":{"x":0.05405688285827637,"y":0.006803425028920174,"z":0.1738765686750412},"rotation":{"x":0.19881105422973634,"y":-0.7656752467155457,"z":0.2798386514186859,"w":0.543972373008728},"size":4.648819446563721,"orthographic":false}