{"cameraMode":{"drawMode":0,"name":"Shaded","section":"Shading Mode"},"sceneLighting":false,"audioPlay":false,"sceneViewState":{"showFog":true,"showMaterialUpdate":true,"showSkybox":true,"showFlares":true,"showImageEffects":true,"showParticleSystems":true},"in2DMode":false,"pivot":{"x":1.2077276706695557,"y":0.35855937004089358,"z":-0.35286617279052737},"rotation":{"x":-0.09827731549739838,"y":-0.1693193018436432,"z":0.01697113923728466,"w":-0.980502188205719},"size":4.500057220458984,"orthographic":false}