{"cameraMode":{"drawMode":0,"name":"Shaded","section":"Shading Mode"},"sceneLighting":false,"audioPlay":false,"sceneViewState":{"showFog":true,"showMaterialUpdate":true,"showSkybox":true,"showFlares":true,"showImageEffects":true,"showParticleSystems":true},"in2DMode":false,"pivot":{"x":-3.1643741130828859,"y":0.7169995307922363,"z":-2.1602401733398439},"rotation":{"x":0.021885525435209276,"y":-0.9608097076416016,"z":0.07944706082344055,"w":0.26467692852020266},"size":12.011366844177246,"orthographic":false}