{"cameraMode":{"drawMode":0,"name":"Shaded","section":"Shading Mode"},"sceneLighting":false,"audioPlay":false,"sceneViewState":{"showFog":true,"showMaterialUpdate":true,"showSkybox":true,"showFlares":true,"showImageEffects":true,"showParticleSystems":true},"in2DMode":false,"pivot":{"x":-0.6873972415924072,"y":-0.0006396770477294922,"z":1.6259492635726929},"rotation":{"x":0.054474979639053348,"y":-0.8801401853561401,"z":0.10425014793872833,"w":0.4599105715751648},"size":6.11904764175415,"orthographic":false}