{"cameraMode":{"drawMode":0,"name":"Shaded","section":"Shading Mode"},"sceneLighting":false,"audioPlay":false,"sceneViewState":{"showFog":true,"showMaterialUpdate":true,"showSkybox":true,"showFlares":true,"showImageEffects":true,"showParticleSystems":true},"in2DMode":false,"pivot":{"x":-0.162628173828125,"y":0.5256646871566773,"z":-0.041412353515625},"rotation":{"x":-0.042742278426885608,"y":0.9439693093299866,"z":-0.1354336440563202,"w":-0.2979143261909485},"size":5.635615825653076,"orthographic":false}