{"cameraMode":{"drawMode":0,"name":"Shaded","section":"Shading Mode"},"sceneLighting":false,"audioPlay":false,"sceneViewState":{"showFog":true,"showMaterialUpdate":true,"showSkybox":true,"showFlares":true,"showImageEffects":true,"showParticleSystems":true},"in2DMode":false,"pivot":{"x":2.049130439758301,"y":0.29622209072113039,"z":1.454456090927124},"rotation":{"x":0.14975303411483766,"y":-0.2819669544696808,"z":0.044605858623981479,"w":0.9466145038604736},"size":5.7317795753479,"orthographic":false}