{"cameraMode":{"drawMode":0,"name":"Shaded","section":"Shading Mode"},"sceneLighting":false,"audioPlay":false,"sceneViewState":{"showFog":true,"showMaterialUpdate":true,"showSkybox":true,"showFlares":true,"showImageEffects":true,"showParticleSystems":true},"in2DMode":false,"pivot":{"x":-0.05606076121330261,"y":0.2619139552116394,"z":-0.06146395206451416},"rotation":{"x":-0.10841167718172074,"y":-0.48388490080833437,"z":0.060557082295417789,"w":-0.8662766218185425},"size":1.650001049041748,"orthographic":false}