{"cameraMode":{"drawMode":0,"name":"Shaded","section":"Shading Mode"},"sceneLighting":false,"audioPlay":false,"sceneViewState":{"showFog":true,"showMaterialUpdate":true,"showSkybox":true,"showFlares":true,"showImageEffects":true,"showParticleSystems":true},"in2DMode":false,"pivot":{"x":-0.168501615524292,"y":0.11402034759521485,"z":1.0312590599060059},"rotation":{"x":0.24002501368522645,"y":0.26223745942115786,"z":-0.06752040237188339,"w":0.9322342276573181},"size":7.260924816131592,"orthographic":false}