{"cameraMode":{"drawMode":0,"name":"Shaded","section":"Shading Mode"},"sceneLighting":false,"audioPlay":false,"sceneViewState":{"showFog":true,"showMaterialUpdate":true,"showSkybox":true,"showFlares":true,"showImageEffects":true,"showParticleSystems":true},"in2DMode":false,"pivot":{"x":-0.2525291442871094,"y":2.007789134979248,"z":1.8611690998077393},"rotation":{"x":-0.08823161572217941,"y":0.7685472965240479,"z":-0.10861773043870926,"w":-0.6243016123771668},"size":4.774774551391602,"orthographic":false}