{"cameraMode":{"drawMode":0,"name":"Shaded","section":"Shading Mode"},"sceneLighting":false,"audioPlay":false,"sceneViewState":{"showFog":true,"showMaterialUpdate":true,"showSkybox":true,"showFlares":true,"showImageEffects":true,"showParticleSystems":true},"in2DMode":false,"pivot":{"x":-0.2675975263118744,"y":0.0034599900245666506,"z":0.15367865562438966},"rotation":{"x":0.0741768553853035,"y":0.9209432005882263,"z":-0.21660229563713075,"w":0.3153487741947174},"size":5.741501331329346,"orthographic":false}